timestamp,event_type,username,source_ip,destination_ip,status,message
2025-10-15T14:23:10Z,login,admin,192.168.1.100,,failed,Invalid credentials
2025-10-15T14:23:45Z,login,admin,192.168.1.100,,failed,Invalid credentials
2025-10-15T14:24:12Z,login,admin,192.168.1.100,,failed,Invalid credentials
2025-10-15T14:24:38Z,login,admin,192.168.1.100,,failed,Invalid credentials
2025-10-15T14:25:01Z,login,admin,192.168.1.100,,failed,Invalid credentials
2025-10-15T14:25:29Z,login,admin,192.168.1.100,,failed,Invalid credentials
2025-10-15T14:26:15Z,login,admin,192.168.1.100,,success,Login successful
2025-10-15T02:15:30Z,login,alice,203.0.113.45,,success,Off-hours login detected
2025-10-15T03:22:11Z,login,bob,198.51.100.22,,success,Late night access
2025-10-15T10:30:00Z,login,charlie,172.16.0.5,,success,Normal business hours login
2025-10-15T15:45:22Z,login,david,10.0.0.50,,success,Afternoon access
2025-10-15T23:59:01Z,login,eve,192.168.2.99,,success,Very late login
2025-10-19T10:00:00Z,login,frank,172.16.1.10,,success,Weekend Sunday login
2025-10-15T14:30:10Z,login,root,10.20.30.40,,failed,Invalid credentials
2025-10-15T14:30:25Z,login,root,10.20.30.40,,failed,Invalid credentials
2025-10-15T14:30:42Z,login,root,10.20.30.40,,failed,Invalid credentials
2025-10-15T14:31:05Z,login,root,10.20.30.40,,failed,Invalid credentials
2025-10-15T14:31:28Z,login,root,10.20.30.40,,failed,Invalid credentials
2025-10-15T14:31:50Z,login,root,10.20.30.40,,failed,Invalid credentials
